Client_ID,First_Name,Last_Name,City,State,ZIP
1,Vincenty,Vanyard,Hollywood,FL,33028
2,Pattie,Okeshott,Scottsdale,AZ,85271
3,Olenka,Blackler,Phoenix,AZ,85020
4,Georgia,Elby,Virginia Beach,VA,23454
5,Sheelah,Petris,Cleveland,OH,44111
6,Dorree,Nunan,Salt Lake City,UT,84115
7,Rodina,De Giovanni,Vero Beach,FL,32964
8,Sibbie,Lorman,Salt Lake City,UT,84170
9,Falito,Dymott,Macon,GA,31217
10,Kin,Rydeard,Saint Paul,MN,55115
11,Lydon,Veall,New York City,NY,10105
12,Ferrell,Lunn,San Diego,CA,92145
13,Dal,Slatter,Monticello,MN,55585
14,Archy,Fardy,Dallas,TX,75226
15,Ruddie,Punton,Greenville,SC,29605
16,Roze,Cosson,Springfield,IL,62794
17,Joann,Sambles,Gastonia,NC,28055
18,Juditha,Itscowicz,San Diego,CA,92176
19,Jefferson,Chesshyre,Salt Lake City,UT,84135
20,Finn,Bandt,West Palm Beach,FL,33405
21,Devland,Isakovitch,Portland,OR,97255
22,Alden,Carslaw,Jackson,MS,39204
23,Derick,Harlowe,San Jose,CA,95173
24,Cathryn,Horsell,Muncie,IN,47306
25,Tonie,Franzen,Toledo,OH,43615
26,Dian,Kelley,Washington,DC,20404
27,Jennie,Bruck,Milwaukee,WI,53285
28,Fairleigh,Iacovino,Madison,WI,53726
29,Edy,Comsty,Albany,GA,31704
30,Kirby,De Witt,Charleston,WV,25356
31,Sumner,Goroni,Houston,TX,77060
32,Collie,Nutten,Van Nuys,CA,91499
33,Frannie,Dawltrey,Memphis,TN,38168
34,Matthaeus,Tooher,Nashville,TN,37250
35,Araldo,Strainge,Brooklyn,NY,11220
36,Jere,Lodwig,Lexington,KY,40586
37,Gretel,Moran,Spring,TX,77386
38,Birdie,Kerbler,Cincinnati,OH,45999
39,Dalton,Castagnier,Columbus,OH,43226
40,Tansy,Mossbee,Saint Paul,MN,55146
41,Joann,Bodicam,Houston,TX,77070
42,Rea,Tidbury,Columbus,OH,43204
43,Gasper,Lugard,Fort Wayne,IN,46805
44,Elnore,Dickins,Columbia,SC,29225
45,Tamara,Claige,Lexington,KY,40524
46,Otho,Higgonet,Little Rock,AR,72215
47,Jed,Tremblet,Kingsport,TN,37665
48,Skippie,Shackel,Winston Salem,NC,27105
49,Rusty,Zimmer,Omaha,NE,68110
50,Silvie,Cuzen,Baton Rouge,LA,70836
51,Annmaria,Wasiela,Cleveland,OH,44125
52,Free,Juanico,Tampa,FL,33625
53,Mathilde,Cuncarr,Bonita Springs,FL,34135
54,Mellicent,Bruckmann,San Antonio,TX,78230
55,Joey,Lambot,Albany,NY,12247
56,Colman,Kenwyn,Jacksonville,FL,32277
57,Adlai,Buglass,Seattle,WA,98127
58,Bartram,Southwell,Chattanooga,TN,37410
59,Elbertina,Bullion,Wichita,KS,67205
60,Alfonse,Girkins,Hollywood,FL,33028
61,Palmer,McCrohon,Raleigh,NC,27615
62,Consuelo,Davidow,Rochester,NY,14646
63,Randall,Tuxell,Dayton,OH,45419
64,Alfred,Fosher,Hartford,CT,06183
65,Hermann,Grutchfield,Corpus Christi,TX,78465
66,Rogerio,Udey,Detroit,MI,48275
67,Alicia,Broad,Las Vegas,NV,89105
68,Goldi,Loxly,West Palm Beach,FL,33421
69,Tanney,Larcombe,Chicago,IL,60681
70,Carmel,McCaster,Albuquerque,NM,87110
71,Delila,Noye,Memphis,TN,38126
72,Carson,Layne,Port Saint Lucie,FL,34985
73,Ambrosi,Sante,Minneapolis,MN,55407
74,Francois,Steaning,Los Angeles,CA,90189
75,Othelia,Denisard,Charlottesville,VA,22903
76,Nesta,Clatworthy,Grand Rapids,MI,49544
77,Bradley,Schruurs,Tacoma,WA,98417
78,Sorcha,Simonetti,Cincinnati,OH,45271
79,Juliana,Biggins,Davenport,IA,52804
80,Gene,Heinsen,Salt Lake City,UT,84115
81,Reggi,Pammenter,Maple Plain,MN,55572
82,Abbott,Ambrozewicz,Maple Plain,MN,55572
83,Zechariah,Atenborough,Lansing,MI,48956
84,Hubie,Dallimore,Beaumont,TX,77705
85,Flemming,Facchini,Des Moines,IA,50362
86,Row,Jorgensen,Philadelphia,PA,19123
87,Abra,Meneo,Kansas City,MO,64179
88,Caye,Mander,Green Bay,WI,54313
89,Maddy,Dahlberg,Phoenix,AZ,85077
90,Lek,Hobbema,Charlotte,NC,28299
91,Fremont,Matchitt,Madison,WI,53705
92,Evania,Huish,Pasadena,CA,91186
93,Chuck,Swafield,Naples,FL,34114
94,Kiah,Justice,Cincinnati,OH,45218
95,Silvan,Behan,Colorado Springs,CO,80935
96,Benni,Tebbet,Dallas,TX,75246
97,Branden,Ivchenko,El Paso,TX,79928
98,Liam,Corballis,Denton,TX,76210
99,Rodney,Durnin,Cincinnati,OH,45238
100,Launce,Thornebarrow,Irving,TX,75062
101,Jennette,Rowthorn,Tallahassee,FL,32314
102,Marquita,Nickolls,Dallas,TX,75260
103,Gianna,Waghorne,Whittier,CA,90605
104,Ingaborg,Wincom,Davenport,IA,52809
105,Dru,Yakebovich,Lancaster,PA,17622
106,Anabella,Posse,Chattanooga,TN,37450
107,Casar,Sustins,Jackson,MS,39296
108,Dorine,Panswick,Chattanooga,TN,37410
109,Winn,Matashkin,Los Angeles,CA,90060
110,Otto,Galton,Mesa,AZ,85205
111,Hank,Effnert,Spokane,WA,99215
112,Lorens,Ducker,Los Angeles,CA,90060
113,Bea,McCarlich,Toledo,OH,43610
114,Tandy,Bastiman,Albany,NY,12237
115,Anthe,Favela,Santa Cruz,CA,95064
116,Lauritz,Ruusa,Salt Lake City,UT,84189
117,Brittaney,Halegarth,Pensacola,FL,32595
118,Dorree,Stryde,Portland,OR,97206
119,Peria,Dungay,Orlando,FL,32813
120,Kinny,Liddard,Hartford,CT,06140
121,Theo,Buxcy,Chattanooga,TN,37410
122,Parke,Clutterham,Houston,TX,77250
123,Miquela,Moulsdall,Jefferson City,MO,65110
124,Bronnie,Soars,Pittsburgh,PA,15255
125,Artemas,Dawidowitz,Saint Louis,MO,63110
126,Broderic,Adrain,Los Angeles,CA,90060
127,Ebonee,Mowat,Greenville,SC,29605
128,Rachael,Lochrie,El Paso,TX,88553
129,Weylin,Bamborough,Tallahassee,FL,32314
130,Perice,Lorraine,Columbia,MO,65218
131,Alta,Keyhoe,Fort Myers,FL,33913
132,Lionello,Limerick,Denver,CO,80291
133,Tressa,Everson,Houston,TX,77255
134,Ortensia,Lansdown,Wichita,KS,67230
135,Eldridge,Luxon,Salt Lake City,UT,84130
136,Barry,Dudney,Charlotte,NC,28242
137,Dorice,Witchell,Indianapolis,IN,46266
138,Salvidor,Carbry,Boise,ID,83732
139,Laurette,Sidnall,Erie,PA,16505
140,Bert,Hicklingbottom,Dallas,TX,75358
141,Alberik,Tuckwood,Lexington,KY,40581
142,Julissa,Helks,Madison,WI,53716
143,Melisent,Cankett,Washington,DC,20010
144,Cristian,Swale,Tacoma,WA,98405
145,Iseabal,Slowey,Dallas,TX,75246
146,Orazio,Hacquel,Madison,WI,53726
147,Padraic,Glencorse,Lexington,KY,40576
148,Franzen,Darnell,Valley Forge,PA,19495
149,Eb,Guymer,Los Angeles,CA,90030
150,Esther,Osgodby,Huntington,WV,25726
151,Mick,Haseldine,Pittsburgh,PA,15286
152,Moll,Fawbert,Birmingham,AL,35295
153,Audre,Phillp,Kansas City,KS,66105
154,Robinia,Radden,Saint Louis,MO,63121
155,Jerrylee,Grigorushkin,Spartanburg,SC,29319
156,Gabe,Uff,New Orleans,LA,70183
157,Reinaldos,Inns,Charleston,WV,25313
158,Bradney,Tumber,Jackson,MS,39204
159,Nap,Massen,Oklahoma City,OK,73147
160,Marmaduke,Basill,Portland,OR,97206
161,Lindie,Brezlaw,Lake Worth,FL,33462
162,Janos,Forcer,Cheyenne,WY,82007
163,Lena,Axel,Philadelphia,PA,19172
164,Lacy,Haythornthwaite,Redwood City,CA,94064
165,Stearne,Bousquet,Raleigh,NC,27615
166,Erin,Aleavy,Lake Charles,LA,70616
167,Shirl,Pert,Indianapolis,IN,46278
168,Kliment,Sapena,Lafayette,LA,70593
169,Ansell,Huggon,Evansville,IN,47725
170,Calla,Punton,Austin,TX,78754
171,Madeleine,Puleston,Toledo,OH,43615
172,Meghan,Edgecombe,Modesto,CA,95354
173,Ebenezer,McTeer,Salt Lake City,UT,84120
174,Isadora,Nern,New York City,NY,10019
175,Gaynor,Coopman,Toledo,OH,43656
176,Crystal,Ratley,Henderson,NV,89074
177,Talbot,McTerry,San Bernardino,CA,92415
178,Granger,Goudard,London,KY,40745
179,Sarene,Lowy,Boynton Beach,FL,33436
180,Vanya,Lamond,Houston,TX,77245
